{"cameraMode":{"drawMode":0,"name":"Shaded","section":"Shading Mode"},"sceneLighting":false,"audioPlay":false,"sceneViewState":{"showFog":true,"showMaterialUpdate":false,"showSkybox":true,"showFlares":true,"showImageEffects":true,"showParticleSystems":true},"in2DMode":false,"pivot":{"x":-5.067657947540283,"y":-0.2900114357471466,"z":5.848868370056152},"rotation":{"x":-0.42010989785194399,"y":-0.02939617820084095,"z":0.013616236858069897,"w":-0.9068948030471802},"size":2.8578836917877199,"orthographic":false}