{"cameraMode":{"drawMode":0,"name":"Shaded","section":"Shading Mode"},"sceneLighting":false,"audioPlay":false,"sceneViewState":{"showFog":true,"showMaterialUpdate":false,"showSkybox":true,"showFlares":true,"showImageEffects":true,"showParticleSystems":true},"in2DMode":false,"pivot":{"x":0.0,"y":-1.1920928955078126e-7,"z":5.039999961853027},"rotation":{"x":-0.42010989785194399,"y":-0.02939617820084095,"z":0.013616236858069897,"w":-0.9068948030471802},"size":126.57738494873047,"orthographic":false}