{"cameraMode":{"drawMode":0,"name":"Shaded","section":"Shading Mode"},"sceneLighting":true,"audioPlay":false,"sceneViewState":{"showFog":true,"showMaterialUpdate":false,"showSkybox":true,"showFlares":true,"showImageEffects":true,"showParticleSystems":true},"in2DMode":false,"pivot":{"x":-3.196181058883667,"y":1.3414287567138672,"z":0.5428943634033203},"rotation":{"x":-0.42010989785194399,"y":-0.02939617820084095,"z":0.013616236858069897,"w":-0.9068948030471802},"size":14.173583984375,"orthographic":false}